{
  "BTCUSDC": {
    "bid_price": 104737.5,
    "ask_price": 104749.93,
    "mid_price": 104743.715,
    "spread": 12.429999999993015,
    "spread_bps": 1.1867060472309021,
    "order_imbalance": 0.39779383470862373,
    "momentum": -3.427295814433133e-05,
    "volatility": 5.374230442418695e-07,
    "trend": -3.5362500000192085
  },
  "ETHUSDC": {
    "bid_price": 2523.93,
    "ask_price": 2527.41,
    "mid_price": 2525.67,
    "spread": 3.480000000000018,
    "spread_bps": 13.77852213472076,
    "order_imbalance": -0.8807501507801473,
    "momentum": 0.0004000538686398241,
    "volatility": 0.0004871768142513483,
    "trend": 0.012000000000625732
  }
}