num_features,avg_adaptation_time
10,0.0007622814178466796
20,0.000907745361328125
30,0.0010701704025268554
40,0.0012251663208007813
50,0.001355123519897461
