batch_size,avg_inference_time,throughput
1,0.010933833122253418,91.45923381295435
8,0.029570155143737793,270.543051299959
16,0.049237492084503176,324.9556247206949
32,0.10655013799667358,300.32809531414233
64,0.18411105632781982,347.61627724325524
128,0.36785780668258666,347.9605371279977
